38.1509,-76.4304
38.1508,-76.4304
38.1508,-76.4304
38.1507,-76.4304
38.1507,-76.4304
38.1507,-76.4304
38.1506,-76.4305
38.1506,-76.4305
38.1505,-76.4305
38.1505,-76.4305
38.1504,-76.4305
38.1504,-76.4305
38.1504,-76.4305
38.1503,-76.4306
38.1503,-76.4306
38.1502,-76.4306
38.1502,-76.4307
38.1502,-76.4307
38.1501,-76.4308
38.1501,-76.4308
38.1501,-76.4308
38.1501,-76.4309
38.15,-76.4309
38.15,-76.431
38.15,-76.431
38.15,-76.4311
38.1499,-76.4312
38.1499,-76.4312
38.1499,-76.4313
38.1498,-76.4313
38.1498,-76.4314
38.1498,-76.4314
38.1498,-76.4315
38.1497,-76.4315
38.1497,-76.4316
38.1497,-76.4316
38.1497,-76.4317
38.1497,-76.4317
38.1497,-76.4318
38.1496,-76.4318
38.1496,-76.4319
38.1496,-76.4319
38.1496,-76.432
38.1496,-76.432
38.1496,-76.4321
38.1496,-76.4321
38.1496,-76.4322
38.1496,-76.4322
38.1496,-76.4323
38.1496,-76.4323
38.1496,-76.4324
38.1496,-76.4324
38.1496,-76.4325
38.1496,-76.4325
38.1496,-76.4326
38.1496,-76.4326
38.1496,-76.4327
38.1496,-76.4327
38.1496,-76.4328
38.1497,-76.4329
38.1497,-76.4329
